orig,eos
1H4_Bedford,1H4_Lancaster
1H4_HenryIV,1H4_King
1H4_HenryV,1H4_Prince
1H4_LadyPercy,1H4_Lady Percy
1H4_MESSENGERS.1,1H4_Messenger
1H4_MESSENGERS.2,1H4_Messenger
1H4_MESSENGERS.X,1H4_Messenger
1H4_MistressQuickly,1H4_Hostess
1H4_SERVANTS.HOTSPUR.1,1H4_Servant
1H4_SirMichael,1H4_Sir Michael
1H4_TRAVELERS.CARRIERS.1,1H4_First Carrier
1H4_TRAVELERS.CARRIERS.2,1H4_Second Carrier
1H4_TRAVELERS.CARRIERS.X,1H4_Carrier
1H4_Westmoreland,1H4_Westmorland
1H6_Alanson,1H6_Alencon
1H6_Fastolf,1H6_Falstaff
1H6_HenryVI,1H6_King
1H6_JAILERS.0.1,1H6_Keeper
1H6_JohnTalbot,1H6_John
1H6_MESSENGERS.ENGLISH.1,1H6_1 Messenger
1H6_MESSENGERS.ENGLISH.2,1H6_2 Messenger
1H6_MESSENGERS.ENGLISH.3,1H6_3 Messenger
1H6_MESSENGERS.ENGLISH.X.1,1H6_Messenger
1H6_MESSENGERS.ENGLISH.X.2,1H6_Messenger
1H6_MESSENGERS.FRENCH.1,1H6_Messenger
1H6_QueenMargaret,1H6_Margaret
1H6_SERVANTS.1,1H6_1 Servingman
1H6_SERVANTS.3,1H6_3 Servingman
1H6_SERVANTS.GLOUCESTER,1H6_Servingmen
1H6_SERVANTS.GLOUCESTER.0.1,1H6_1 Servingman
1H6_SERVANTS.GLOUCESTER.0.2,1H6_Servingmen
1H6_SERVANTS.TALBOT.1,1H6_Servant
1H6_SERVANTS.WINCHESTER.0.1,1H6_1 Servingman
1H6_SOLDIERS.ENGLISH.0.1,1H6_Captain
1H6_SOLDIERS.ENGLISH.1,1H6_Soldier
1H6_SOLDIERS.ENGLISH.SOMERSET.0.1,1H6_Captain
1H6_SOLDIERS.FRENCH.PUCELLE.0.1,1H6_Soldier
1H6_SOLDIERS.FRENCH.Scout,1H6_Scout
1H6_SOLDIERS.FRENCH.Sergeant,1H6_Sergeant
1H6_WARDERS.1,1H6_1 Warder
1H6_WARDERS.2,1H6_2 Warder
1H6_Watchman,1H6_Watch
1H6_York,1H6_Plantagenet
2H4_BEADLES.0.1,2H4_Beadle
2H4_Bedford,2H4_Lancaster
2H4_ChiefJustice,2H4_Justice
2H4_DRAWERS.1,2H4_Drawer
2H4_DRAWERS.Francis,2H4_Francis
2H4_DRAWERS.X,2H4_Drawer
2H4_GROOMS.1,2H4_Groom 1
2H4_GROOMS.2,2H4_Groom 2
2H4_LadyNorthumberland,2H4_Lady Northumberland
2H4_LadyPercy,2H4_Lady Percy
2H4_LordBardolph,2H4_Lord Bardolph
2H4_MESSENGERS.1,2H4_Messenger
2H4_MESSENGERS.Gower,2H4_Gower
2H4_MistressQuickly,2H4_Hostess
2H4_Mouldy,2H4_Moldy
2H4_OFFICERS.Fang,2H4_Fang
2H4_OFFICERS.Snare,2H4_Snare
2H4_SERVANTS.FALSTAFF.1,2H4_Page
2H4_Westmoreland,2H4_Westmorland
2H6_CITIZENS.STALBANS.0.1,2H6_Townsman
2H6_GENTLEMEN.2,2H6_2 Gentleman
2H6_George,2H6_Bevis
2H6_Jourdain,2H6_Witch
2H6_MESSENGERS.Post,2H6_Post
2H6_MayorOfStAlbans,2H6_Mayor
2H6_NEIGHBORS.3,2H6_3 Neighbor
2H6_PETITIONERS.0.1,2H6_1 Petitioner
2H6_PETITIONERS.0.2,2H6_2 Petitioner
2H6_Thump,2H6_Peter
3H6_ATTENDANTS.EDWARD.1,3H6_Nobleman
3H6_MESSENGERS.1,3H6_1 Messenger
3H6_MESSENGERS.2,3H6_2 Messenger
3H6_MESSENGERS.X.5,3H6_Messenger
3H6_SOLDIERS.YORK.0.1,3H6_Soldier
3H6_WATCHMEN.1,3H6_1 Watchman
3H6_WATCHMEN.2,3H6_2 Watchman
3H6_WATCHMEN.3,3H6_3 Watchman
AWW_ATTENDANTS.KING.0.1,AWW_1 Lord
AWW_ATTENDANTS.KING.0.2,AWW_2 Lord
AWW_Fool,AWW_Clown
AWW_GENTLEMEN.1,AWW_2 Gentleman
AWW_GENTLEMEN.2,AWW_1 Gentleman
AWW_GENTLEMEN.3,AWW_Helen
AWW_LORDS.DUMAINE.1,AWW_1 Lord
AWW_Lafew,AWW_Lafeu
AWW_Parolles,AWW_Paroles
AWW_SOLDIERS.Interpreter,AWW_1 Soldier
AWW_Servant,AWW_Messenger
AYL_DukeFrederick,AYL_Duke Frederick
AYL_DukeSenior,AYL_Duke Senior
AYL_LORDS.FREDERICK.0.1,AYL_First Lord
AYL_LORDS.FREDERICK.0.2,AYL_Second Lord
AYL_LORDS.FREDERICK.LeBeau,AYL_Le Beau
AYL_LORDS.SENIOR.0.1,AYL_First Lord
AYL_LORDS.SENIOR.0.2,AYL_Second Lord
AYL_LORDS.SENIOR.Amiens,AYL_Amiens
AYL_SERVANTS.1,AYL_First Page
AYL_SERVANTS.2,AYL_Second Page
AYL_SecondBrother,AYL_Jaques de Boys
Ado_ATTENDANTS.0.1,Ado_Lord
Ado_WATCHMEN.Seacoal,Ado_2 Watch
Ant_Canidius,Ant_Camidius
Ant_Countryman,Ant_Clown
Ant_GUARDS.CAESAR.1,Ant_Guardsman
Ant_MESSENGERS.ANTONY.1,Ant_Messenger
Ant_MESSENGERS.CAESAR.1,Ant_Messenger
Ant_MESSENGERS.X.1,Ant_Messenger
Ant_MESSENGERS.X.2,Ant_Messenger
Ant_MESSENGERS.X.3,Ant_Messenger
Ant_Octavius,Ant_Caesar
Ant_SERVANTS.X.1,Ant_Servant
Ant_SERVANTS.X.2,Ant_Servant
Ant_SOLDIERS.ANTONY.X.2,Ant_Soldier
Ant_SOLDIERS.CAESAR.X.1,Ant_Soldier
Ant_WATCHMEN.Sentry,Ant_Sentry
Cor_CITIZENS.ROMAN.2,Cor_2 Citizen
Cor_CONSPIRATORS.0.1,Cor_1 Conspirator
Cor_CONSPIRATORS.0.2,Cor_2 Conspirator
Cor_LORDS.VOLSCIAN,Cor_Lords
Cor_LORDS.VOLSCIAN.0.1,Cor_Lords
Cor_LORDS.VOLSCIAN.0.2,Cor_Lords
Cor_LORDS.VOLSCIAN.0.3,Cor_Lords
Cor_MESSENGERS.TRIBUNES.2,Cor_Messenger
Cor_MESSENGERS.X.1,Cor_Messenger
Cor_NOBLES.0.1,Cor_Patrician
Cor_OFFICERS.1,Cor_1 Officer
Cor_OFFICERS.2,Cor_2 Officer
Cor_SOLDIERS.ROMAN.0.2,Cor_2 Soldier
Cor_SOLDIERS.VOLSCIAN.Lieutenant,Cor_Lieutenant
Cor_TRIBUNES.Brutus,Cor_Brutus
Cor_WATCHMEN.1,Cor_1 Watch
Cor_WATCHMEN.2,Cor_2 Watch
Cym_ATTENDANTS.0.1,Cym_Messenger
Cym_ATTENDANTS.0.2,Cym_Lord
Cym_ATTENDANTS.3,Cym_Lord
Cym_Cloten,Cym_Clotten
Cym_GHOSTS.Father,Cym_Sicilius Leonatus
Cym_GHOSTS.Mother,Cym_Mother
Cym_LADIES.IMOGEN,Cym_Lady
Cym_LADIES.QUEEN,Cym_Lady
Cym_LADIES.QUEEN.0.1,Cym_Lady
Cym_MESSENGERS.1,Cym_Messenger
Cym_MESSENGERS.2,Cym_Messenger
Cym_SOLDIERS.ROMAN.0.1,Cym_Captain
Cym_TRIBUNES.0.1,Cym_Tribune
Err_DromioOfSyracuse,Err_Dromio of Syracuse
Err_Merchant2,Err_Second Merchant
Err_OFFICERS.Jailer,Err_Jailor
H5_AMBASSADORS.0.1,H5_Ambassador
H5_BishopOfCanterbury,H5_Canterbury
H5_BishopOfEly,H5_Ely
H5_HERALDS.1,H5_Herald
H5_HenryV,H5_King Henry
H5_KingOfFrance,H5_French King
H5_MESSENGERS.X.1,H5_Messenger
H5_MESSENGERS.X.2,H5_Messenger
H5_MESSENGERS.X.3,H5_Messenger
H5_MistressQuickly,H5_Hostess
H5_SOLDIERS.ENGLISH.Bates,H5_Bates
H5_SOLDIERS.ENGLISH.Court,H5_Court
H5_SOLDIERS.ENGLISH.Williams,H5_Williams
H5_SOLDIERS.FRENCH.LeFer,H5_French Soldier
H5_Westmoreland,H5_Westmorland
H8_BishopOfLincoln,H8_Lincoln
H8_GENTLEMEN.1,H8_1 Gentleman
H8_GENTLEMEN.3,H8_3 Gentleman
H8_HenryVIII,H8_King Henry
H8_Katherine,H8_Katharine
H8_LADIES.KATHERINE.Patience,H8_Patience
H8_OldLady,H8_Old Lady
H8_Page,H8_Boy
H8_SECRETARIES.0.1,H8_Secretary
H8_SERVANTS.LARDER.1,H8_One
H8_SERVANTS.PORTER.1,H8_Man
H8_Sands,H8_Sandys
H8_Surveyor,H8_Surrey
Ham_AMBASSADORS,Ham_Ambassador
Ham_ATTENDANTS.1,Ham_Horatio
Ham_Doctor,Ham_Priest
Ham_Gravedigger,Ham_Clown
Ham_MESSENGERS.1,Ham_Messenger
Ham_MESSENGERS.2,Ham_Messenger
Ham_PLAYERS.0.1,Ham_Player
Ham_PLAYERS.Lucianus,Ham_Lucianus
Ham_SOLDIERS.FORTINBRAS.Captain,Ham_Captain
JC_COMMONERS.Carpenter,JC_Carpenter
JC_COMMONERS.Cobbler,JC_Cobbler
JC_Calphurnia,JC_Calpurnia
JC_CinnaPoet,JC_Cinna
JC_SERVANTS.ANTONY.1,JC_Servant
JC_SERVANTS.OCTAVIUS.1,JC_Servant
JC_SOLDIERS.ANTONY.0.1,JC_1 Soldier
JC_SOLDIERS.ANTONY.0.2,JC_2 Soldier
JC_SOLDIERS.BRUTUS.Cato,JC_Cato
JC_SOLDIERS.BRUTUS.Clitus,JC_Clitus
JC_SOLDIERS.BRUTUS.Dardanus,JC_Dardanius
JC_SOLDIERS.BRUTUS.Lucilius,JC_Lucilius
JC_SOLDIERS.BRUTUS.Messala,JC_Messala
JC_SOLDIERS.BRUTUS.Strato,JC_Strato
JC_SOLDIERS.BRUTUS.Volumnius,JC_Volumnius
Jn_Chatillion,Jn_Chatillon
Jn_EXECUTIONERS.0.1,Jn_Executioner
Jn_HERALDS.ENGLISH,Jn_English Herald
Jn_HERALDS.FRENCH,Jn_French Herald
Jn_LadyFaulconbridge,Jn_Lady Faulconbridge
Jn_MESSENGERS.ENGLISH.1,Jn_Messenger
Jn_MESSENGERS.FRENCH.1,Jn_Messenger
Jn_PrinceHenry,Jn_Prince Henry
Jn_QueenEleanor,Jn_Queen Eleanor
Jn_RobertFaulconbridge,Jn_Robert Faulconbridge
Lr_ATTENDANTS.X.1,Lr_Servant
Lr_ATTENDANTS.X.2,Lr_Knight
Lr_ATTENDANTS.X.3,Lr_Gentleman
Lr_MESSENGERS.X.2,Lr_Messenger
Lr_OldMan,Lr_Old Man
MM_FriarPeter,MM_Friar Peter
MM_GENTLEMEN.2,MM_Second Gentleman
MND_FAIRIES.TITANIA.0.1,MND_1 Fairy
MND_FAIRIES.TITANIA.1,MND_Fairy
MND_RobinGoodfellow,MND_Puck
Mac_ATTENDANTS,Mac_Lords
Mac_Doctor1,Mac_Doctor
Mac_Doctor2,Mac_Doctor
Mac_LadyMacbeth,Mac_Lady Macbeth
Mac_LadyMacduff,Mac_Lady Macduff
Mac_MESSENGERS.2,Mac_Messenger
Mac_MESSENGERS.3,Mac_Messenger
Mac_MURDERERS.0.1,Mac_1 Murderer
Mac_MURDERERS.1,Mac_Murderers
Mac_MURDERERS.2,Mac_Murderers
Mac_MacduffsSon,Mac_Son
Mac_OldMan,Mac_Old Man
Mac_SERVANTS.X.2,Mac_Servant
Mac_SERVANTS.X.3,Mac_Servant
Mac_SERVANTS.X.4,Mac_Servant
Mac_SPIRITS.1,Mac_1 Apparition
Mac_SPIRITS.2,Mac_1 Apparition
Mac_SPIRITS.3,Mac_3 Apparition
Mac_WITCHES.1,Mac_1 Witch
Mac_WITCHES.2,Mac_2 Witch
Mac_WITCHES.3,Mac_3 Witch
Mac_YoungSiward,Mac_Young Siward
Oth_MESSENGERS.X.1,Oth_Messenger
Oth_MUSICIANS.0.1,Oth_Musician
Oth_SENATORS,Oth_All
Per_FISHERMEN.1,Per_1 Fisherman
Per_FISHERMEN.2,Per_2 Fisherman
Per_FISHERMEN.3,Per_3 Fisherman
Per_GENTLEMEN.EPHESUS.1,Per_1 Knight
Per_GENTLEMEN.EPHESUS.2,Per_2 Gentleman
Per_GENTLEMEN.MYTILENE.1,Per_1 Gentleman
Per_GENTLEMEN.MYTILENE.2,Per_2 Gentleman
Per_GENTLEMEN.TYRE.0.1,Per_1 Gentleman
Per_KNIGHTS,Per_Knights
Per_KNIGHTS.0.1,Per_Knights
Per_KNIGHTS.0.2,Per_Knights
Per_KNIGHTS.0.3,Per_Knights
Per_LORDS.PENTAPOLIS.0.1,Per_1 Lord
Per_LORDS.PENTAPOLIS.0.2,Per_2 Lord
Per_LORDS.PENTAPOLIS.0.3,Per_3 Lord
Per_LORDS.TARSUS.1,Per_Lord
Per_LORDS.TYRE,Per_All
Per_LORDS.TYRE.0.1,Per_1 Lord
Per_LORDS.TYRE.0.3,Per_3 Lord
Per_LORDS.TYRE.Escanes,Per_Escanes
Per_MESSENGERS.ANTIOCH.1,Per_Messenger
Per_PIRATES.0.1,Per_1 Pirate
Per_PIRATES.0.2,Per_2 Pirate
Per_PIRATES.0.3,Per_3 Pirate
Per_SAILORS.1,Per_1 Sailor
Per_SAILORS.2,Per_2 Sailor
Per_SAILORS.TYRE.1,Per_1 Sailor
Per_SUPPLIANTS.1,Per_Servant
R2_AbbotOfWestminster,R2_Abbot
R2_BishopOfCarlisle,R2_Carlisle
R2_DuchessOfGloucester,R2_Duchess of Gloucester
R2_DuchessOfYork,R2_Duchess of York
R2_Jailer,R2_Keeper
R2_LADIES.0.1,R2_1 Lady
R2_LordMarshal,R2_Marshal
R2_RichardII,R2_King Richard
R2_SERVANTS.EXTON.0.1,R2_Servant
R2_SERVANTS.GARDENER.1,R2_1 Man
R2_SERVANTS.YORK.1,R2_Servingman
R2_WelshCaptain,R2_Welsh Captain
R3_ATTENDANTS.0.1,R3_Richard
R3_ATTENDANTS.RICHMOND,R3_Lords
R3_ATTENDANTS.RICHMOND.0.1,R3_Lords
R3_CITIZENS.2,R3_2 Citizen
R3_DuchessOfYork,R3_Duchess
R3_EdwardV,R3_Prince Edward
R3_GENTLEMEN.0.1,R3_Gentleman
R3_HenryVI,R3_Ghost of Henry VI
R3_LadyAnne,R3_Anne
R3_MESSENGERS.1,R3_1 Messenger
R3_MESSENGERS.4,R3_4 Messenger
R3_MESSENGERS.X.3,R3_Messenger
R3_MURDERERS.1,R3_1 Executioner
R3_MayorOfLondon,R3_Mayor
R3_RichardIII,R3_Richard
R3_SirChristopher,R3_Christopher
Rom_Cousin,Rom_Capulet's Cousin
Rom_FriarJohn,Rom_Friar John
Rom_FriarLawrence,Rom_Friar Laurence
Rom_LadyCapulet,Rom_Capulet's Wife
Rom_LadyMontague,Rom_Montague's Wife
Rom_PrinceEscalus,Rom_Prince
Rom_SERVANTS.CAPULET.Gregory,Rom_Gregory
Rom_SERVANTS.CAPULET.Sampson,Rom_Sampson
Rom_SERVANTS.MONTAGUE.Abram,Rom_Abraham
Rom_SERVANTS.PARIS.1,Rom_Page
Rom_WATCHMEN.0.1,Rom_Chief Watchman
Rom_WATCHMEN.0.2,Rom_2 Watch
Shr_SERVANTS.LORD.0.1,Shr_Servant
Shr_SERVANTS.PETRUCHIO.0.4,Shr_Hostess
Shr_SERVANTS.PETRUCHIO.Joseph,Shr_Joseph
Shr_SERVANTS.PETRUCHIO.Nathaniel,Shr_Nathaniel
Shr_SERVANTS.PETRUCHIO.Nicholas,Shr_Nicholas
Shr_SERVANTS.PETRUCHIO.Phillip,Shr_Phillip
TGV_OUTLAWS.1,TGV_1 Outlaw
TGV_OUTLAWS.2,TGV_2 Outlaw
TGV_Sylvia,TGV_Silvia
TNK_ATTENDANTS.1,TNK_Gentleman
TNK_FRIENDS.1,TNK_1 Friend
TNK_KNIGHTS.PALAMON,TNK_All Knights
TNK_KNIGHTS.PALAMON.0.1,TNK_1 Knight
TNK_KNIGHTS.PALAMON.0.2,TNK_2 Knight
TNK_KNIGHTS.PALAMON.0.3,TNK_3 Knight
TNK_MESSENGERS.X.1,TNK_Messenger
TNK_MESSENGERS.X.3,TNK_Messenger
TNK_OTHERS,TNK_All
TNK_QUEENS.2,TNK_2 Queen
TN_ATTENDANTS.OLIVIA.1,TN_Servant
TN_ATTENDANTS.ORSINO.Curio,TN_Curio
TN_ATTENDANTS.ORSINO.Valentine,TN_Valentine
TN_AndrewAguecheek,TN_Sir Andrew
TN_OFFICERS.1,TN_First Officer
TN_TobyBelch,TN_Sir Toby
Tim_FRIENDS.0.1,Tim_1 Lord
Tim_FRIENDS.0.3,Tim_3 Lord
Tim_LADIES,Tim_All Ladies
Tim_LORDS,Tim_All Lords
Tim_LORDS.0.2,Tim_2 Lord
Tim_MESSENGERS.X.2,Tim_2 Messenger
Tim_SENATORS.0.2,Tim_2 Senator
Tim_SENATORS.2,Tim_2 Senator
Tim_SENATORS.4,Tim_4 Senator
Tim_SERVANTS.ISIDORE.1,Tim_Isidore's Servant
Tim_SERVANTS.Philotus,Tim_Philotus
Tim_SERVANTS.TIMON.2,Tim_2 Servant
Tim_SERVANTS.TIMON.X.2,Tim_Servants
Tim_SOLDIERS.1,Tim_Soldier
Tmp_SAILORS,Tmp_Mariners
Tmp_SPIRITS.Ceres,Tmp_Ceres
Tmp_SPIRITS.Iris,Tmp_Iris
Tmp_SPIRITS.Juno,Tmp_Juno
Tro_Boy,Tro_Troilus's Boy
Tro_SERVANTS.DIOMEDES.1,Tro_Servant
Tro_SERVANTS.PARIS.1,Tro_Servant
WT_ATTENDANTS,WT_Lords
WT_ATTENDANTS.0.1,WT_Lord
WT_ATTENDANTS.2,WT_2 Gentleman
WT_ATTENDANTS.3,WT_3 Gentleman
WT_ATTENDANTS.X,WT_Lord
WT_Cleomenes,WT_Cleomines
WT_Florizell,WT_Florizel
WT_LADIES.0.2,WT_2 Lady
WT_LADIES.Emilia,WT_Emilia
WT_OFFICERS.0.1,WT_Officer
WT_SERVANTS.0,WT_Servant
WT_SERVANTS.SHEPHERD.1,WT_Servant
WT_SERVANTS.X.2,WT_Servant
WT_Sailor,WT_Mariner
Wiv_AnnePage,Wiv_Anne
Wiv_DoctorCaius,Wiv_Caius
Wiv_HughEvans,Wiv_Evans
Wiv_MasterFord,Wiv_Ford
Wiv_MistressQuickly,Wiv_Quickly
